{"train-loss/loss": 0.44225457310676575, "_timestamp": 1718137165.3969877, "_runtime": 95.63514375686646, "_step": 1025, "train-loss/raw-loss": 0.44225457310676575, "train-loss/kld": 0.0, "train-probs/accuracy-col": 1.0, "train-probs/accuracy-row": 0.5, "train-probs/p_c0_r0": -1.6391077041625977, "train-probs/p_c0_r1": -1.355314016342163, "train-probs/p_c1_r0": -3.685941219329834, "train-probs/p_c1_r1": -0.5097935795783997, "_wandb": {"runtime": 96}}