{"train-loss/loss": 0.34610050916671753, "_timestamp": 1718137382.627813, "_runtime": 143.57677102088928, "_step": 1151, "train-loss/raw-loss": 0.34610050916671753, "train-loss/kld": 0.0, "train-probs/accuracy-col": 1.0, "train-probs/accuracy-row": 1.0, "train-probs/p_c0_r0": -0.6417583227157593, "train-probs/p_c0_r1": -1.2867188453674316, "train-probs/p_c1_r0": -1.6806254386901855, "train-probs/p_c1_r1": -0.47018444538116455, "_wandb": {"runtime": 180}}