{"train-loss/loss": 0.693340539932251, "_timestamp": 1718146750.792122, "_runtime": 197.7274248600006, "_step": 3806, "train-loss/raw-loss": 0.693340539932251, "train-loss/kld": 0.0, "train-probs/accuracy-col": 0.0, "train-probs/accuracy-row": 0.5, "train-probs/p_c0_r0": -0.5544775128364563, "train-probs/p_c0_r1": -0.5540909171104431, "train-probs/p_c1_r0": -0.5544775128364563, "train-probs/p_c1_r1": -0.5540909171104431, "_wandb": {"runtime": 197}}