{"train-loss/loss": 0.30029821395874023, "_timestamp": 1718138033.039854, "_runtime": 530.0723209381104, "_step": 1169, "train-loss/raw-loss": 0.30029821395874023, "train-loss/kld": 0.0, "train-probs/accuracy-col": 1.0, "train-probs/accuracy-row": 1.0, "train-probs/p_c0_r0": -1.1611524820327759, "train-probs/p_c0_r1": -1.8155326843261719, "train-probs/p_c1_r0": -2.5252418518066406, "train-probs/p_c1_r1": -0.7111228108406067}