{"train-loss/loss": 0.7156883478164673, "_timestamp": 1718146852.2991796, "_runtime": 57.16519260406494, "_step": 899, "train-loss/raw-loss": 0.7156883478164673, "train-loss/kld": 0.0, "train-probs/accuracy-col": 0.0, "train-probs/accuracy-row": 0.5, "train-probs/p_c0_r0": -0.47587206959724426, "train-probs/p_c0_r1": -0.43128663301467896, "train-probs/p_c1_r0": -0.47587206959724426, "train-probs/p_c1_r1": -0.43128663301467896, "_wandb": {"runtime": 57}}