{"train-loss/loss": 0.7185287475585938, "_timestamp": 1718136667.4643261, "_runtime": 199.16681623458862, "_step": 1916, "train-loss/raw-loss": 0.7185287475585938, "train-loss/kld": 0.0, "train-probs/accuracy-col": 0.0, "train-probs/accuracy-row": 0.5, "train-probs/p_c0_r0": -0.865626335144043, "train-probs/p_c0_r1": -0.5645322799682617, "train-probs/p_c1_r0": -0.865626335144043, "train-probs/p_c1_r1": -0.5645322799682617, "_wandb": {"runtime": 199}}