{"train-loss/loss": 1.1581014394760132, "_timestamp": 1718136205.3597817, "_runtime": 74.46062684059143, "_step": 1151, "train-loss/raw-loss": 1.1581014394760132, "train-loss/kld": 0.0, "train-probs/accuracy-col": 0.0, "train-probs/accuracy-row": 0.5, "train-probs/p_c0_r0": -3.3671987056732178, "train-probs/p_c0_r1": -0.2039216309785843, "train-probs/p_c1_r0": -3.3671987056732178, "train-probs/p_c1_r1": -0.2039216309785843, "_wandb": {"runtime": 83}}