{"train-loss/loss": 0.7375875115394592, "_timestamp": 1718147208.6310663, "_runtime": 339.282071352005, "_step": 5228, "train-loss/raw-loss": 0.7375875115394592, "train-loss/kld": 0.0, "train-probs/accuracy-col": 0.0, "train-probs/accuracy-row": 0.5, "train-probs/p_c0_r0": -0.746017575263977, "train-probs/p_c0_r1": -0.6590281128883362, "train-probs/p_c1_r0": -0.746017575263977, "train-probs/p_c1_r1": -0.6590281128883362, "_wandb": {"runtime": 339}}